<?xml version="1.0" encoding="utf-8" ?>
<dwsync>
<file name="NotoSansKR-Black-Hestia.woff" server="abwebs.co.kr" local="131743715560000000" remote="131743718400000000" Dst="0" />
<file name="NotoSansKR-Bold-Hestia.woff" server="abwebs.co.kr" local="131743715560000000" remote="131743718400000000" Dst="0" />
<file name="NotoSansKR-DemiLight-Hestia.woff" server="abwebs.co.kr" local="131743715560000000" remote="131743718400000000" Dst="0" />
<file name="NotoSansKR-Light-Hestia.woff" server="abwebs.co.kr" local="131743715560000000" remote="131743718400000000" Dst="0" />
<file name="NotoSansKR-Medium-Hestia.woff" server="abwebs.co.kr" local="131743715560000000" remote="131743718400000000" Dst="0" />
<file name="NotoSansKR-Regular-Hestia.woff" server="abwebs.co.kr" local="131743715560000000" remote="131743718400000000" Dst="0" />
<file name="NotoSansKR-Thin-Hestia.woff" server="abwebs.co.kr" local="131743715560000000" remote="131743718400000000" Dst="0" />
<file name="NotoSansKR-Black-Hestia.woff" server="hhjwork.cafe24.com/ebs-e/" local="131743715560000000" remote="131832022200000000" Dst="0" />
<file name="NotoSansKR-Bold-Hestia.woff" server="hhjwork.cafe24.com/ebs-e/" local="131743715560000000" remote="131832022200000000" Dst="0" />
<file name="NotoSansKR-DemiLight-Hestia.woff" server="hhjwork.cafe24.com/ebs-e/" local="131743715560000000" remote="131832022200000000" Dst="0" />
<file name="NotoSansKR-Light-Hestia.woff" server="hhjwork.cafe24.com/ebs-e/" local="131743715560000000" remote="131832022200000000" Dst="0" />
<file name="NotoSansKR-Medium-Hestia.woff" server="hhjwork.cafe24.com/ebs-e/" local="131743715560000000" remote="131832022200000000" Dst="0" />
<file name="NotoSansKR-Regular-Hestia.woff" server="hhjwork.cafe24.com/ebs-e/" local="131743715560000000" remote="131832022200000000" Dst="0" />
<file name="NotoSansKR-Thin-Hestia.woff" server="hhjwork.cafe24.com/ebs-e/" local="131743715560000000" remote="131832022200000000" Dst="0" />
</dwsync>