<?xml version="1.0" encoding="utf-8" ?>
<dwsync>
<file name=".DS_Store" server="hhjwork.cafe24.com/ebs-e/" local="131815860820000000" remote="131817977400000000" Dst="0" />
<file name="NanumSquareB.eot" server="hhjwork.cafe24.com/ebs-e/" local="131815860820000000" remote="131817977400000000" Dst="0" />
<file name="NanumSquareEB.eot" server="hhjwork.cafe24.com/ebs-e/" local="131815860820000000" remote="131817977400000000" Dst="0" />
<file name="NanumSquareB.ttf" server="hhjwork.cafe24.com/ebs-e/" local="131815860820000000" remote="131817977400000000" Dst="0" />
<file name="NanumSquareEB.woff" server="hhjwork.cafe24.com/ebs-e/" local="131815860820000000" remote="131817977400000000" Dst="0" />
<file name="NanumSquareB.woff" server="hhjwork.cafe24.com/ebs-e/" local="131815860820000000" remote="131817977400000000" Dst="0" />
<file name="NanumSquareEB.ttf" server="hhjwork.cafe24.com/ebs-e/" local="131815860820000000" remote="131817977400000000" Dst="0" />
<file name="NanumSquareL.eot" server="hhjwork.cafe24.com/ebs-e/" local="131815860820000000" remote="131817977400000000" Dst="0" />
<file name="NanumSquareL.woff" server="hhjwork.cafe24.com/ebs-e/" local="131815860820000000" remote="131817977400000000" Dst="0" />
<file name="NanumSquareL.ttf" server="hhjwork.cafe24.com/ebs-e/" local="131815860820000000" remote="131817977400000000" Dst="0" />
<file name="NanumSquareOTFB.svg" server="hhjwork.cafe24.com/ebs-e/" local="131815860840000000" remote="131817977400000000" Dst="0" />
<file name="NanumSquareOTFExtraBold.svg" server="hhjwork.cafe24.com/ebs-e/" local="131815860840000000" remote="131817977400000000" Dst="0" />
<file name="NanumSquareR.eot" server="hhjwork.cafe24.com/ebs-e/" local="131815860840000000" remote="131817977400000000" Dst="0" />
<file name="NanumSquareOTFLight.svg" server="hhjwork.cafe24.com/ebs-e/" local="131815860840000000" remote="131817977400000000" Dst="0" />
<file name="NanumSquareR.woff" server="hhjwork.cafe24.com/ebs-e/" local="131815860840000000" remote="131817977400000000" Dst="0" />
<file name="NanumSquareR.ttf" server="hhjwork.cafe24.com/ebs-e/" local="131815860840000000" remote="131817977400000000" Dst="0" />
<file name="NanumSquareOTFR.svg" server="hhjwork.cafe24.com/ebs-e/" local="131815860840000000" remote="131817977400000000" Dst="0" />
</dwsync>